source,target
@rezasilalahi,@akbarfaizal68
@rezasilalahi,@nagara_inst
@Andi_Manik,@sutanmangara
@ArmaZulfikar,@sutanmangara
@rakyatjelitacom,@seruanhl
@rakyatjelitacom,@ch_chotimah2
@ahmadeffendi666,@NOTASLIMBOY
@ariiiiiss,@BangPino__
@ariiiiiss,@aniesbaswedan
@Agai569357175,@kampium2024GP
@Agai569357175,@aniesbaswedan
@SunnahRasulLove,@pengarang_sajak
@Aditia00024961,@msaid_didu
@Ach_Faizal,@putrisakera
@KarinaNadila18,@DrEvaChaniago
@mas_alku,@Dennysiregar7
@kideman43600840,@ivanazhar1
@kideman43600840,@ganjarpranowo
@kideman43600840,@prabowo
@ferryberita,@Yom_N_Friends
@dhany_e09,@Jhonkosmik
@AkunPurba_,@Gerindra
@BangJiih85,@AliZain435h
@BangJiih85,@JazuliJuwaini
@SangkalaSangka6,@OposisiCerdas
@PapaWinarto,@Tjel0up
@PapaWinarto,@aniesbaswedan
@ariiiiiss,@BangPino__
@abdul1dul,@KompasTV
@AstutikBertha,@OcongBoys
@sohibbone,@OposisiCerdas
@ViantyTJP,@TehKitaAja
@ViantyTJP,@FemmyManroe1
@nizaradipati,@AgusYudhoyono
@AryeMataram,@Muhadzami
@AryeMataram,@AgusYudhoyono
@Ardhi_Gatra,@PDemokrat
@aniblogsan52394,@RagilSemar
@Dipri271,@JazuliJuwaini
@bangkit20214251,@jansen_jsp
@BiS_manta62924,@abwnews_
@pekei_simon,@CNNIndonesia
@Ardhi_Gatra,@PDemokrat
@proletarsusah,@asumsico
@kri_tik_us,@cobeh2022
@rosandi_irwan,@sobat_anies
@rosandi_irwan,@cakimiNOW
@Doni13587681,@awemany
@BangJiih85,@OposisiCerdas
@ANDALASHUSNI,@cobeh2022
@dody_priyono99,@BosPurwa
@dody_priyono99,@aniesbaswedan
@KomorebiIn87286,@RagilSemar
@hendar_djamain,@hendar_djamain
@PDPerlakbrat,@DPP_PKB
@PDPerlakbrat,@cakimiNOW
@ArmaZulfikar,@SalamSantun_
@klappykoe,@MinmonPS7
@klappykoe,@sospolkw
@Uwa_Dena,@KompasTV
@Kastara48,@ahmadfaisal86
@Kastara48,@DadanKu23612342
@Kastara48,@YanHarahap
@JoharFifi,@jansen_jsp
@JoharFifi,@aniesbaswedan
@hendar_djamain,@tifsembiring
@hendar_djamain,@mahyeldi_sp
@jiuliong30,@kumparan
@tubaguswardana_,@PDemokrat
@an666e,@msaid_didu
@an666e,@DedyNad_id
@CilacapDemokrat,@PDemokrat
@Tjel0up,@aniesbaswedan
@bukupembaharu,@Muhammadiyah
@Tjel0up,@aniesbaswedan
@espete812,@mbahjhojho
@AbdulAgusti,@AbdulAgusti
@ach_ripang,@HusinShihab
@aldoprrayoga,@aldoprrayoga
@wenas_s,@Gambiro7
@wenas_s,@sena_soetta
@wenas_s,@musniumar
@aldoprrayoga,@aldoprrayoga
@ANIES_90,@kimgyuminn
@Kastara48,@ahmadfaisal86
@Kastara48,@YanHarahap
@HFaang,@WAHYU_UNIFORM
@HFaang,@AgusYudhoyono
@wenas_s,@musniumar
@SolitaireMawar,@ajengcute16__
@AlditioHermawan,@AlditioHermawan
@AlditioHermawan,@AlditioHermawan
@AKUNBAR64087273,@Yom_N_Friends
@AKUNBAR64087273,@KusumaW57427580
@Andi_Manik,@RomziTrilaksana
@Andi_Manik,@ruhutsitompul
@za10895528,@jansen_jsp
@za10895528,@aniesbaswedan
@akuozzie,@Dennysiregar7
@akuozzie,@cakimiNOW
@akuozzie,@KPK_RI
@BirriMuhammadi,@savicali
@WahyudiL4,@oetomo_ian
@WahyudiL4,@yusuf_dumdum
@HRI0668JKT,@ajengcute16__
@changamar3,@AgusYudhoyono
@syaiful_wakni,@DrEvaChaniago
@triliuner007,@Tan_Mar3M
@Omm3naja,@ajengcute16__
@SantaPradana,@marlina_idha
@adnansaefy,@SeputarAHY
@adnansaefy,@NasDem
@adnansaefy,@aniesbaswedan
@pikir_santuy,@adearmando61
@triesno86,@msaid_didu
@triesno86,@Golkar5
@jenggo_putra,@jenggo_putra
@bali_prabowo,@bali_prabowo
@habibana1991,@AprizalRiduan
@habibana1991,@jokowi
@sasbudiarjo,@AgusYudhoyono
@pangeransky10,@Yom_N_Friends
@S0BATANIES,@SinagaYusal1
@S0BATANIES,@ajengcute16__
@yoko_at,@achokill
@yoko_at,@Tan_Mar3M
@syaiful_wakni,@OposisiCerdas
@svmmerdoss,@berrielust
@putraaudi21,@AgusYudhoyono
@kangmase27,@bengkeldodo
@kangmase27,@PaPa_Bowo2024
@mjannah579,@aniesbaswedan
@mjannah579,@cakimiNOW
@anggiloktavia,@anggiloktavia
@anggiloktavia,@anggiloktavia
@PakBudi31571035,@didik_lp
@PakBudi31571035,@jansen_jsp
@PakBudi31571035,@aniesbaswedan
@Muhadzami,@AryeMataram
@Muhadzami,@AgusYudhoyono
@Irwandiwinnara2,@aniesbaswedan
@Irwandiwinnara2,@cakiminnow
@Irwandiwinnara2,@Mursyidan10
@Irwandiwinnara2,@voiceofpkb
@Irwandiwinnara2,@DPP_PKB
@Irwandiwinnara2,@poel_saiful
@Irwandiwinnara2,@Juliansyah0770
@oza_blazer,@aniesbaswedan
@oza_blazer,@cakiminnow
@oza_blazer,@Mursyidan10
@oza_blazer,@voiceofpkb
@oza_blazer,@DPP_PKB
@oza_blazer,@poel_saiful
@oza_blazer,@Juliansyah0770
@za10895528,@ajengcute16__
@darah_tigo,@ILCTalkshow
@za10895528,@AgusYudhoyono
@tomyr71806,@tvOneNews
@Indra070318,@msaid_didu
@manukahoneyland,@democrazymedia
@Amirmahmudsir,@jansen_jsp
@hardi_hardiman2,@abwnews_
@Jayabay19479190,@EllyKoro
@Jayabay19479190,@Berty69968038
@KayaSakti,@tvOneNews
lestari040270@gmail.com,@cakiminNOW
lestari040270@gmail.com,@Dpp_PKB
lestari040270@gmail.com,@anisbaswedan
@rotibakar92,@OposisiCerdas
@sasmoko_heri,@Umar_Hasibuan__
@Ckio215669,@DPP_PKB
@TerimabaikB,@HalimMiskandar
@TerimabaikB,@AnisBaswedan
@TerimabaikB,@imansyukri
@TerimabaikB,@LilisRitonga
@TerimabaikB,@kemendespdtt
@TerimabaikB,@kemendespdtt
@TerimabaikB,@yusradaridesa
@TerimabaikB,@fachilabalado
@TerimabaikB,@yankas_kzagoto
@Khairi_Afrizal,@cakimiNOW
@Khairi_Afrizal,@DPP_PKB
@Khairi_Afrizal,@baGUSMUHAIMIN24
@Khairi_Afrizal,@Brigade01Arwan1
@Khairi_Afrizal,@EmHasanuddin
@Khairi_Afrizal,@HasanRofiqi4
@Syafaruddinzein,@aly_benzema
@mrcilok,@faridgaban
@alfarizqi1803,@voiceofpkb
@alfarizqi1803,@cakimiNOW
@Sudarso25738823,@voiceofpkb
@Sudarso25738823,@cakimiNOW
@JalanKe83957796,@hansinergy
@JalanKe83957796,@abwnews_
@JalanKe83957796,@hansinergy
@JalanKe83957796,@abwnews_
@fulpian2,@VIVAcoid
@Ismu_Razali,@ainunnajib
@dpacpkbkoja,@dpwpkbjakarta
@dpacpkbkoja,@hasbipkb
@dpacpkbkoja,@aniesbaswedan
@dpacpkbkoja,@Official_NasDem
@UniversZidan,@jokowi
@leman_woyo,@prabowo
@AntiRomansha,@msaid_didu
@AkhiyakYayak,@ekowboy2
@BudiWid42032126,@MelodiAsyik
@MrNiceG05007810,@trizsutrisno2
@MrNiceG05007810,@agushaes01
@UniversZidan,@__AnakKolong
@UniversZidan,@PDI_Perjuangan
@sipganjar,@Ryan_wkaq
@sipganjar,@CNNIndonesia
@RixMarchsin89,@Dennysiregar7
@AbdHali59646742,@baharirwan2
@AbdHali59646742,@sabanabana5
@ArisdonoIn68858,@Nicho_Silalahi
@AsepSolehSolah3,@tvOneNews
@Bill23794356,@mbahjhojho
@hartoyo5989pr,@JalanDakwahKita
@hartoyo5989pr,@tvOneNews
@Rifai03751150,@Dennysiregar7
@Rifai03751150,@ganjarpranowo
@AntiRomansha,@jansen_jsp
@DariyaDarius,@hamdanzoelva
@alwiyadoni18,@Hasbil_Lbs
@alwiyadoni18,@abu_hafidz66
@HutajuluJhonson,@Pai_C1
@fransiscus_rudy,@MarahIchsan
@farid_bawazir,@ganjarpranowo
@fawzia_be,@Hasbil_Lbs
@fawzia_be,@aniesbaswedan
@JhoUno6,@CNNIndonesia
@LizawatiLeni,@voiceofpkb
@LizawatiLeni,@cakimiNOW
@LizawatiLeni,@aniesbaswedan
@AnisMuha1004,@Andiarief__
@AnisMuha1004,@aniesbaswedan
@attakhiyat,@detikcom
@Wedangan4,@liaasister
@wicaksonoyanti1,@voiceofpkb
@wicaksonoyanti1,@cakimiNOW
@wicaksonoyanti1,@aniesbaswedan
@Samsir_ST,@BagusMuhaiminS1
@Samsir_ST,@voiceofpkb
@Risty85679464,@voiceofpkb
@Risty85679464,@cakimiNOW
@Risty85679464,@aniesbaswedan
@AnakLeuweng,@Nicho_Silalahi
@27_derdor,@ajengcute16__
@AnakLeuweng,@Zero8ok
@an_kp111,@cakiminNOW
@an_kp111,@DPP_PKB
@an_kp111,@anisbaswedan
@syambayu,@nandoe_73
@syambayu,@danielht2009
@HasaniRidw88558,@voiceofpkb
@HasaniRidw88558,@cakimiNOW
@HasaniRidw88558,@aniesbaswedan
@ekawati_sy80375,@DPP_PKB
@ekawati_sy80375,@saidaqil
@YUDHI_Laksana,@pakaipeci
@RusliM123,@voiceofpkb
@RusliM123,@cakimiNOW
@RusliM123,@aniesbaswedan
@HariSugiono18,@PDI_Perjuangan
@piliang_me54054,@voiceofpkb
@piliang_me54054,@cakimiNOW
@piliang_me54054,@aniesbaswedan
@Yusaz,@voiceofpkb
@Yusaz,@cakimiNOW
@Yusaz,@aniesbaswedan
@yantiya09675782,@voiceofpkb
@yantiya09675782,@cakimiNOW
@yantiya09675782,@aniesbaswedan
@RamlanMoniaha2,@voiceofpkb
@RamlanMoniaha2,@cakimiNOW
@RamlanMoniaha2,@aniesbaswedan
@christinapjtn,@voiceofpkb
@christinapjtn,@cakimiNOW
@christinapjtn,@aniesbaswedan
@ekabecee,@DPP_PKB
@ekabecee,@aniesbaswedan
@ekabecee,@cakimiNOW
@pr3154533,@voiceofpkb
@pr3154533,@cakimiNOW
@pr3154533,@aniesbaswedan
@AliHasyimMuda1,@voiceofpkb
@AliHasyimMuda1,@cakimiNOW
@AliHasyimMuda1,@aniesbaswedan
@an_kp111,@cakiminNOW
@an_kp111,@DPP_PKB
@an_kp111,@anisbaswedan
@KaumSarung22833,@cakimiNOW
@KaumSarung22833,@DPP_PKB
@ariati23020,@voiceofpkb
@ariati23020,@cakimiNOW
@ariati23020,@aniesbaswedan
@moss_mau,@voiceofpkb
@moss_mau,@cakimiNOW
@moss_mau,@DPP_PKB
@hamdirohman5,@voiceofpkb
@hamdirohman5,@cakimiNOW
@hamdirohman5,@aniesbaswedan
@albakowah,@OposisiCerdas
@AshuriHaqi39211,@ch_chotimah2
@MjAgungNugroho1,@BennyHarmanID
@kardyusman,@PDemokrat
@kardyusman,@Herzaky__MP
@kardyusman,@panca66
@afuwwonk299,@Hasbil_Lbs
@afuwwonk299,@NasDem
@an_kp111,@cakiminNOW
@an_kp111,@DPP_PKB
@an_kp111,@anisbaswedan
@yusufagro,@alfatih_ghazy
@yusufagro,@bengkeldodo
@afuwwonk299,@jansen_jsp
@KomentarN,@razantataa
@KomentarN,@utdfocusid
@Martin050677,@03__nakula
@Bodronoyojoyo,@ajengcute16__
@Fabri_fabri20,@03__nakula
@Abdulla67870195,@cakimiNOW
@Abdulla67870195,@aniesbaswedan
@baummustholahul,@Miaiffarianisya
@JadahKopok,@Lisaamartatara6
@JadahKopok,@TyrexMaximus
@edwingosal,@loststara
@JnKahfi,@CNNIndonesia
@Hrshsbllh,@CNNIndonesia
@WisnurRecord82,@jansen_jsp
@WisnurRecord82,@aniesbaswedan
@iyoet__1075,@KompasTV
@bebit_computer,@deyis_Gresik
@bebit_computer,@TheNext2024
@Proflematik,@KurangGocap6
@bebit_computer,@TheNext2024
@bebit_computer,@cakiminnow
muslem@531,@AnisBaswedan
muslem@531,@cakimiNOW
muslem@531,@DPP_PKB
muslem@531,@imansyukri
muslem@531,@zainul_munas
muslem@531,@Mursyidan11
@niwablezinky,@aniesbaswedan
@niwablezinky,@PKSejahtera
@AcutZahlul,@AnisBaswedan
@AcutZahlul,@cakimiNOW
@AcutZahlul,@DPP_PKB
@AcutZahlul,@imansyukri
@AcutZahlul,@zainul_munas
@AcutZahlul,@Mursyidan11
@ChozinMas,@cakimiNOW
@juned1979,@AnisBaswedan
@juned1979,@cakimiNOW
@juned1979,@DPP_PKB
@juned1979,@imansyukri
@juned1979,@zainul_munas
@juned1979,@Mursyidan11
@elhakim1705,@DPP_PKB
@elhakim1705,@aniesbaswedan
@elhakim1705,@cakimiNOW
@TheNext2024,@cakiminNOW
@TheNext2024,@DPP_PKB
@TheNext2024,@anisbaswedan
@AbdulHa28210306,@AnisBaswedan
@AbdulHa28210306,@cakimiNOW
@AbdulHa28210306,@DPP_PKB
@AbdulHa28210306,@imansyukri
@AbdulHa28210306,@zainul_munas
@AbdulHa28210306,@Mursyidan11
@AfdillahEf7612,@cakimiNOW
@AfdillahEf7612,@aniesbaswedan
@chan_azral,@OposisiCerdas
@aziah_safrina,@AnisBaswedan
@aziah_safrina,@cakimiNOW
@aziah_safrina,@DPP_PKB
@aziah_safrina,@imansyukri
@aziah_safrina,@zainul_munas
@aziah_safrina,@Mursyidan11
@iyoet__1075,@Tita83079013
@iyoet__1075,@SalamSantun_
@iyoet__1075,@Demokrat_TV
@hari62582721470,@Dennysiregar7
@hari62582721470,@Ansor_Satu
@henrysunardi851,@msaid_didu
@henrysunardi851,@aniesbaswedan
@henrysunardi851,@sudirmansaid
@KhoiriZainudin,@Dennysiregar7
@iyoet__1075,@Dennysiregar7
@AyikMz,@RomitsuT
@AndriMilanello,@narkosun
@afuwwonk299,@PDemokrat
@zahaparawali222,@AgusYudhoyono
@suwito_abdullah,@DokterTifa
@suwito_abdullah,@didienAZHAR
@v0dkasplash,@UGM_FESS
@babe_ail,@ekowboy2
@babe_ail,@aniesmania
@RuriSuhendri,@KING_VADUKA
K@des,@ajengcute16__
@JodiJodi2371,@aniesbaswedan
@lutnisah,@SeputarAHY
@idiartoa,@opposite6892
@PediaHoror,@MARQUEZ__93
@sirajuddin80177,@AmirAlisbw
@sirajuddin80177,@gopurwandi
@AbdHali59646742,@DarsAlexandra1
@MochZamroni9,@update_politik
@ariftriw,@ajengcute16__
@MaraUniq,@AdindaAsmara07
@AkbarHore1,@yusuf_dumdum
@SBarqun,@PKSejahtera
Hendra@@,@voiceofpkb
@AchsanKhan,@abu_waras
@AchsanKhan,@Demokrat_TV
@AchsanKhan,@AgusYudhoyono
@afuwwonk299,@Herzaky__MP
@afuwwonk299,@Demokrat_TV
@afuwwonk299,@PDemokrat
@Krisna0902022,@Herzaky__MP
@Krisna0902022,@PDemokrat
@ZZaxian,@republikaonline
@2001Tgk,@geloraco
@deniss4lam,@ekowboy2
@laluhamlik2,@laluhamlik2
@laluhamlik2,@aniesbaswedan
@SBarqun,@NasDem
@SBarqun,@aniesbaswedan
@SBarqun,@cakimiNOW
@TyoGreack,@QianzyZ
@trisnajavanindo,@TWsubaruu
@trisnajavanindo,@DrEvaChaniago
@hartoyo5989pr,@ekowboy2
@Krisna0902022,@Herzaky__MP
@AnsyarEpendi,@cakimiNOW
@AnsyarEpendi,@DPP_PKB
@AnsyarEpendi,@anisbaswedan
@yusran9274,@MuhiqR
@yusran9274,@choymarkochoy
@rafiiii_10,@corp_slave1
@rafiiii_10,@Gerindra
@Youtube16464723,@cakimiNOW
@Youtube16464723,@DPP_PKB
@Youtube16464723,@anisbaswedan
@reality151515,@panca66
@salahuddin_polo,@cakimiNOW
@salahuddin_polo,@DPP_PKB
@salahuddin_polo,@aniesbaswedan
@salahuddin_polo,@lairasultra1
@salahuddin_polo,@darampa1
@salahuddin_polo,@alani_laode
@salahuddin_polo,@BangJay_sf
@salahuddin_polo,@BagusMuhaiminS1
@omucok10,@DPP_PKB
@omucok10,@baGUSMUHAIMIN24
@omucok10,@cakimiNOW
@kardyusman,@awemany
@Kitabisa2024,@voiceofpkb
@Kitabisa2024,@cakimiNOW
@sukarya_iman,@voiceofpkb
@Kitabisa2024,@DPP_PKB
@Kitabisa2024,@aniesbaswedan
@Kitabisa2024,@cakimiNOW
@AbuHabi35156853,@hnurwahid
@AbuHabi35156853,@PKSejahtera
@BustanulKarimah,@cakiminNOW
@BustanulKarimah,@DPP_PKB
@BustanulKarimah,@anisbaswedan
@bachtiar3431,@DPP_PKB
@bachtiar3431,@AnisBaswedan
@bachtiar3431,@Cakiminow
@Nashih953,@cakiminNOW
@Nashih953,@DPP_PKB
@Nashih953,@anisbaswedan
@Nashih953,@cakiminNOW
@Nashih953,@DPP_PKB
@Nashih953,@anisbaswedan
@AbrorMuhyi58589,@cakiminNOW
@AbrorMuhyi58589,@DPP_PKB
@AbrorMuhyi58589,@anisbaswedan
@akhmadr39221494,@DPP_PKB
@akhmadr39221494,@aniesbaswedan
@akhmadr39221494,@cakimiNOW
@ArohmaniArrohim,@aniesbaswedan
@ArohmaniArrohim,@cakimiNOW
@ArohmaniArrohim,@DPP_PKB
@rkisnadi,@Demokrat_TV
@moban_s,@cakimiNOW
@moban_s,@DPP_PKB
@moban_s,@AnisBaswedan
@KajiRosyid01,@cakimiNOW
@KajiRosyid01,@DPP_PKB
@KajiRosyid01,@AnisBaswedan
@DendyStohan,@cakimiNOW
@DendyStohan,@DPP_PKB
@DendyStohan,@anisbaswedan
@heni_wee,@cakiminNOW
@heni_wee,@DPP_PKB
